<?xml version="1.0" encoding="UTF-8" standalone="yes"?>
<addon id="repository.sandmann79.plugins" name="Sandmann79s Repository" version="1.0.4" provider-name="Sandmann79">
    <extension point="xbmc.addon.repository" name="Sandmann79s Repository">
        <!-- Repository definition for Kodi versions using Python 3 (Kodi 19 and above) -->
        <dir minversion="19.0.0">
            <info compressed="false">https://raw.githubusercontent.com/Sandmann79/xbmc/master/packages-py3/addons.xml</info>
            <checksum>https://raw.githubusercontent.com/Sandmann79/xbmc/master/packages-py3/addons.xml.md5</checksum>
            <datadir zip="true">https://raw.githubusercontent.com/Sandmann79/xbmc/master/packages-py3/</datadir>
        </dir>
    </extension>
    <extension point="xbmc.addon.metadata">
        <summary lang="en">Various Addons for Kodi</summary>
        <description lang="en">A collection of various addons maintained by Sandmann79, compatible with the latest versions of Kodi.</description>
        <disclaimer lang="en">Use at your own risk, no warranty provided.</disclaimer>
        <platform>all</platform>
    </extension>
</addon>