<?xml version="1.0" encoding="UTF-8" standalone="yes"?>
<addon id="repository.sandmann79-py3.plugins" name="Sandmann79s Repository" version="1.0.4" provider-name="Sandmann79">
    <extension point="xbmc.addon.repository" name="Sandmann79s Repository">
        <dir>
            <info compressed="false">https://raw.githubusercontent.com/Sandmann79/xbmc/master/packages/addons.xml</info>
            <checksum>https://raw.githubusercontent.com/Sandmann79/xbmc/master/packages/addons.xml.md5</checksum>
            <datadir zip="true">https://raw.githubusercontent.com/Sandmann79/xbmc/master/packages/</datadir>
        </dir>
        <dir minversion="18.9.0">
            <info compressed="false">https://raw.githubusercontent.com/Sandmann79/xbmc/master/packages-py3/addons.xml</info>
            <checksum>https://raw.githubusercontent.com/Sandmann79/xbmc/master/packages-py3/addons.xml.md5</checksum>
            <datadir zip="true">https://raw.githubusercontent.com/Sandmann79/xbmc/master/packages-py3/</datadir>
        </dir>
    </extension>
    <extension point="xbmc.addon.metadata">
        <summary>Various Addons for Kodi</summary>
        <description></description>
        <disclaimer></disclaimer>
        <platform>all</platform>
    </extension>
</addon>
